sex,n,percent
M,346,50.07235890014472
F,345,49.92764109985528
