site_code,n,percent
PT030,370,53.545586107091175
PT020,308,44.57308248914617
PT033,13,1.8813314037626627
