cv_source_family,n,percent
OpenNeuro,370,53.545586107091175
HCP_Wu_Minn,308,44.57308248914617
WAND,13,1.8813314037626627
